{"elements": [1000, 2000, 3000, 4000, 5000, 6000, 7000, 8000, 9000], "algorithms": {"mergesort": [3.4760000000000346, 8.961999999999914, 12.148999999999965, 17.422999999999966, 21.16299999999982, 23.787000000000003, 28.073000000000015, 32.289000000000016, 36.879000000000104], "quicksort": [2.0359999999999268, 4.190999999999834, 8.060999999999874, 9.89299999999993, 12.919000000000125, 14.205000000000023, 16.483000000000025, 20.676000000000137, 22.714000000000123]}}