{"elements": [1000, 2000, 3000, 4000, 5000, 6000, 7000, 8000, 9000], "algorithms": {"mergesort": [3.890999999999867, 8.834000000000009, 13.694000000000095, 20.057999999999907, 28.36799999999995, 31.976000000000006, 31.957000000000015, 38.09899999999988, 50.085999999999856], "bubblesort": [81.0169999999999, 339.083, 749.711, 1314.432, 2226.7809999999995, 3172.48, 4391.861000000001, 5735.306000000001, 6288.986000000002], "selectionsort": [34.1040000000028, 119.58399999999969, 275.59700000000123, 479.75599999999827, 745.5649999999991, 1085.7050000000008, 1455.8180000000007, 1848.504000000002, 2387.528000000003], "insertionsort": [31.48800000000307, 120.57899999999933, 264.41799999999915, 484.7830000000002, 753.1439999999989, 1072.6340000000007, 1475.7880000000014, 1923.5820000000033, 2415.1290000000004], "quicksort": [2.3300000000006094, 4.4770000000013965, 9.220999999996593, 11.198999999997739, 11.993999999994287, 14.81499999999869, 17.0270000000059, 22.153000000002976, 22.537999999997282]}}